{"number_episodes": 6, "episode_rewards": [793.8999999999668, 764.2999999999602, 740.1999999999539, 853.4999999999711, 845.799999999974, 744.899999999946], "mean_all_episodes": 790.4333333332953, "std_all_episodes": 45.34040386038744}