{"number_episodes": 4, "episode_rewards": [793.8999999999668, 764.2999999999602, 740.1999999999539, 853.4999999999711], "mean_all_episodes": 787.9749999999631, "std_all_episodes": 42.342612992120934}