{"episode_rewards": [878.2999999999867, 838.7999999999784, 723.4999999999477, 786.8999999999559], "std_all_episodes": 58.0325932127955, "number_episodes": 4, "mean_all_episodes": 806.8749999999671}