{"episode_rewards": [803.6999999999597, 916.7999999999897, 888.4999999999751, 897.2999999999857, 759.4999999999513, 754.0999999999476], "std_all_episodes": 66.63732062442294, "number_episodes": 6, "mean_all_episodes": 836.6499999999681}