{"number_episodes": 9, "episode_rewards": [670.2999999999348, 702.8999999999431, 818.5999999999673, 889.0999999999852, 780.0999999999545, 759.3999999999508, 668.8632911392218, 844.4999999999728, 754.1999999999565], "mean_all_episodes": 765.3292545709874, "std_all_episodes": 72.29247779636198}