{"episode_rewards": [878.2999999999867, 838.7999999999784], "std_all_episodes": 19.75000000000415, "number_episodes": 2, "mean_all_episodes": 858.5499999999824}