{"episode_rewards": [803.6999999999597, 916.7999999999897, 888.4999999999751, 897.2999999999857], "std_all_episodes": 43.302850656751986, "number_episodes": 4, "mean_all_episodes": 876.5749999999775}