{"episode_rewards": [901.4999999999905, 813.7999999999698, 695.7999999999325, 643.799999999923], "number_episodes": 4, "mean_all_episodes": 763.7249999999539, "std_all_episodes": 100.60475572757728}