{"number_episodes": 12, "episode_rewards": [670.2999999999348, 702.8999999999431, 818.5999999999673, 889.0999999999852, 780.0999999999545, 759.3999999999508, 668.8632911392218, 844.4999999999728, 754.1999999999565, 699.499999999937, 910.3999999999874, 857.3999999999697], "mean_all_episodes": 779.6052742615651, "std_all_episodes": 80.85284903015818}