{"episode_rewards": [878.2999999999867, 838.7999999999784, 723.4999999999477, 786.8999999999559, 678.2999999999367, 776.2999999999585, 855.5999999999723, 784.8999999999577, 655.1999999999296, 628.5999999999173, 898.3999999999801, 504.49999999996976, 809.2999999999706, 739.4999999999446], "std_all_episodes": 104.88618831858903, "number_episodes": 14, "mean_all_episodes": 754.1499999999576}