{"mean_all_episodes": 902.6666666666542, "std_all_episodes": 19.520473582600502, "episode_rewards": [875.1999999999831, 913.9999999999925, 918.7999999999872], "number_episodes": 3}