{"episode_rewards": [803.6999999999597, 916.7999999999897, 888.4999999999751, 897.2999999999857, 759.4999999999513, 754.0999999999476, 888.6999999999892, 828.799999999967, 811.7999999999685], "std_all_episodes": 57.725345867800726, "number_episodes": 9, "mean_all_episodes": 838.7999999999704}