{"episode_rewards": [901.4999999999905, 813.7999999999698, 695.7999999999325, 643.799999999923, 771.2999999999513, 909.599999999993, 890.5999999999856, 917.6999999999877], "number_episodes": 8, "mean_all_episodes": 818.0124999999666, "std_all_episodes": 98.77415448261294}