{"episode_rewards": [878.2999999999867, 838.7999999999784, 723.4999999999477, 786.8999999999559, 678.2999999999367, 776.2999999999585, 855.5999999999723], "std_all_episodes": 67.15617193209846, "number_episodes": 7, "mean_all_episodes": 791.0999999999623}