{"number_episodes": 2, "episode_rewards": [793.8999999999668, 764.2999999999602], "mean_all_episodes": 779.0999999999635, "std_all_episodes": 14.800000000003308}