{"number_episodes": 9, "episode_rewards": [793.8999999999668, 764.2999999999602, 740.1999999999539, 853.4999999999711, 845.799999999974, 744.899999999946, 755.6999999999463, 732.6999999999425, 622.0999999999184], "mean_all_episodes": 761.4555555555088, "std_all_episodes": 64.68106559817656}