{"number_episodes": 6, "episode_rewards": [670.2999999999348, 702.8999999999431, 818.5999999999673, 889.0999999999852, 780.0999999999545, 759.3999999999508], "mean_all_episodes": 770.0666666666226, "std_all_episodes": 72.11520104821571}