{"number_episodes": 13, "episode_rewards": [793.8999999999668, 764.2999999999602, 740.1999999999539, 853.4999999999711, 845.799999999974, 744.899999999946, 755.6999999999463, 732.6999999999425, 622.0999999999184, 587.0999999999158, 732.7999999999425, 633.3999999999281, 912.6999999999855], "mean_all_episodes": 747.6230769230272, "std_all_episodes": 90.15349435480756}