{"std_all_episodes": 4.850000000001671, "episode_rewards": [854.6999999999775, 844.9999999999742], "mean_all_episodes": 849.8499999999758, "number_episodes": 2}