{"number_episodes": 1, "episode_rewards": [670.2999999999348], "mean_all_episodes": 670.2999999999348, "std_all_episodes": 0.0}