{"episode_rewards": [901.4999999999905, 813.7999999999698], "number_episodes": 2, "mean_all_episodes": 857.6499999999801, "std_all_episodes": 43.85000000001031}