{"std": 191.93736026426978, "mean": 344.72878679113234, "episode_rewards": [212.39999999999785, 354.738709677415, 470.34673539518, 679.6833935017934, 426.7456375838787, 231.9754716981066, 403.3482758620568, 42.75714285714644, -0.0024291497952759755, 464.08918918918033, 251.75185185184498, 297.8591836734559, 327.0844660194039, 725.3545454545318, 282.7996282527881]}