{"number_episodes": 4, "episode_rewards": [670.2999999999348, 702.8999999999431, 818.5999999999673, 889.0999999999852], "mean_all_episodes": 770.2249999999576, "std_all_episodes": 88.01855983259158}