{"episode_rewards": [878.2999999999867, 838.7999999999784, 723.4999999999477, 786.8999999999559, 678.2999999999367, 776.2999999999585, 855.5999999999723, 784.8999999999577], "std_all_episodes": 62.852302066049084, "number_episodes": 8, "mean_all_episodes": 790.3249999999617}