{"episode_rewards": [901.4999999999905, 813.7999999999698, 695.7999999999325, 643.799999999923, 771.2999999999513, 909.599999999993, 890.5999999999856, 917.6999999999877, 624.1999999999249], "number_episodes": 9, "mean_all_episodes": 796.4777777777398, "std_all_episodes": 111.27556163547354}