{"num_filters": 32, "batch_size": 128, "test_error": 0.08150000000000002, "filter_size": 7, "lr": 0.001, "learning_curve": {"val_loss": [2.245385033416748, 2.126754009246826, 1.7875637233734132, 1.0639226987838746, 0.6262053739547729, 0.4692620143890381, 0.3968746804237366, 0.35666842794418335, 0.3286867579936981, 0.3058842331409454, 0.28948004722595216, 0.27667409992218017], "loss": [2.2808390001678465, 2.1985811088562013, 1.9974784914779664, 1.462431126098633, 0.8457488106918335, 0.5792395642852783, 0.4718946793460846, 0.4152618975543976, 0.37820659048080446, 0.3513105431175232, 0.3303382221031189, 0.3130416955089569], "val_acc": [0.4087, 0.5891, 0.7044, 0.8295, 0.8656, 0.8867, 0.897, 0.903, 0.9081, 0.915, 0.9198, 0.9199], "acc": [0.24768000000953674, 0.4870799999809265, 0.6243799999809265, 0.7529999999809265, 0.829999999961853, 0.8602399999809265, 0.876520000038147, 0.88688, 0.894379999961853, 0.8999600000190735, 0.904719999961853, 0.90906]}}