{"test_error": 0.026699999999999946, "batch_size": 128, "filter_size": 3, "num_filters": 32, "learning_curve": {"val_loss": [0.4663012970924377, 0.276481574678421, 0.27368180700540545, 0.19880557689070702, 0.17515808814764022, 0.16067973904013633, 0.14992499831914902, 0.1371460316389799, 0.11001262245476245, 0.1063865346223116, 0.13294498572200536, 0.09587955906689168], "loss": [1.367488415222168, 0.37823280527114866, 0.285112037858963, 0.23532447409152984, 0.2007904858160019, 0.1768366653776169, 0.15291076740503312, 0.138863750705719, 0.12378929070711135, 0.11346808119297028, 0.10430022310256958, 0.09534186838626861], "acc": [0.640120000038147, 0.88716, 0.91352, 0.927799999961853, 0.939300000038147, 0.945880000038147, 0.9535199999809265, 0.957759999961853, 0.962000000038147, 0.9650200000381469, 0.9681599999809265, 0.970820000038147], "val_acc": [0.8627, 0.9196, 0.9151, 0.9418, 0.9471, 0.9516, 0.9565, 0.9619, 0.9692, 0.9709, 0.9617, 0.9726]}, "lr": 0.01}