{"filter_size": 5, "test_error": 0.0857, "learning_curve": {"val_loss": [2.2359017601013185, 2.128081600189209, 1.8547992935180664, 1.233646949005127, 0.7334984157562255, 0.5297891332626343, 0.4385493250846863, 0.3842361035346985, 0.3505995723724365, 0.3258965289115906, 0.3064996834754944, 0.29055349488258364], "acc": [0.10327999999046325, 0.28919999999046325, 0.520240000038147, 0.687039999961853, 0.7854400000190734, 0.8384799999809265, 0.8614, 0.8752, 0.885299999961853, 0.89264, 0.899460000038147, 0.9039], "val_acc": [0.1551, 0.4574, 0.6526, 0.7707, 0.843, 0.8718, 0.8844, 0.8964, 0.903, 0.9075, 0.9139, 0.9164], "loss": [2.2708155613708496, 2.19394929977417, 2.0260629318237307, 1.5937066485595703, 0.9930055356025695, 0.666068937702179, 0.5269262305831909, 0.45420365387916567, 0.408408640499115, 0.3763274203109741, 0.3515045636177063, 0.3317488560295105]}, "batch_size": 128, "num_filters": 32, "lr": 0.001}