{"lr": 0.001, "batch_size": 128, "filter_size": 3, "num_filters": 32, "test_error": 0.09799999999999998, "learning_curve": {"val_acc": [0.2405, 0.4566, 0.5735, 0.6776, 0.7678, 0.8282, 0.8572, 0.8778, 0.8902, 0.8997, 0.9019, 0.9075], "acc": [0.15965999999046326, 0.34236, 0.50238, 0.605739999961853, 0.702280000038147, 0.774660000038147, 0.82432, 0.8517600000190735, 0.86812, 0.878279999961853, 0.886500000038147, 0.892520000038147], "val_loss": [2.2485346233367918, 2.1667924659729003, 2.0095086853027344, 1.6645102588653564, 1.129338772201538, 0.7437146668434143, 0.559211939239502, 0.46309919881820677, 0.407776718378067, 0.36939203701019285, 0.3443898581266403, 0.32255058054924013], "loss": [2.2814472801208496, 2.2140269172668456, 2.104178242111206, 1.8706840073013307, 1.426979558944702, 0.9562058996391296, 0.6874796856498718, 0.5541058387851715, 0.47912219713211057, 0.4311156986808777, 0.3974898540496826, 0.3723141160774231]}}