{"test_error": 0.8257, "batch_size": 128, "num_filters": 32, "lr": 0.0001, "filter_size": 3, "learning_curve": {"val_acc": [0.0972, 0.1003, 0.1037, 0.1074, 0.1114, 0.1164, 0.1229, 0.1315, 0.1394, 0.1498, 0.161, 0.1754], "loss": [2.309715598907471, 2.3027147532653807, 2.29606982711792, 2.289778542404175, 2.2837912620544434, 2.278043265914917, 2.272452523574829, 2.2669427546691896, 2.2614300025177, 2.255834581222534, 2.2500871110534666, 2.244150723114014], "val_loss": [2.308293780517578, 2.3011341598510744, 2.2943435760498048, 2.287911378479004, 2.281771559524536, 2.275858634185791, 2.2700847404479982, 2.26436049156189, 2.2586023853302004, 2.2527148933410643, 2.2466446655273438, 2.2403655990600586], "acc": [0.10028000000238418, 0.10240000000476837, 0.1055000000011921, 0.10941999999523162, 0.11414000000953674, 0.11948, 0.12549999999523162, 0.13197999999523163, 0.13928, 0.14794, 0.15712, 0.16916]}}