{"filter_size": 1, "test_error": 0.23460000000000003, "lr": 0.001, "batch_size": 128, "num_filters": 32, "learning_curve": {"val_loss": [2.2675592750549316, 2.231148533248901, 2.1880265338897704, 2.1296692100524903, 2.046658065032959, 1.926934281349182, 1.758488224029541, 1.5418211353302003, 1.3082274520874024, 1.1036280185699463, 0.951122855758667, 0.8455686682701111], "val_acc": [0.2081, 0.3216, 0.4365, 0.5015, 0.5483, 0.5851, 0.637, 0.6791, 0.7133, 0.7363, 0.7586, 0.7751], "acc": [0.13700000000953674, 0.2575599999809265, 0.3751999999809265, 0.46421999996185304, 0.5199600000190735, 0.561439999961853, 0.598639999961853, 0.640039999961853, 0.6739800000190734, 0.7038, 0.7265399999809266, 0.7414800000190734], "loss": [2.285527481842041, 2.2512825260925293, 2.2136438339996336, 2.1653243308258054, 2.0977481941223144, 2.000592886428833, 1.861948094215393, 1.6743184362792969, 1.4528531637191773, 1.2379338399505615, 1.0653632342529298, 0.9414442265701294]}}