{"filter_size": 3, "learning_curve": {"val_loss": [0.13791834906339645, 0.07653416487872601, 0.07212430376373231, 0.05745434232074768, 0.054683238005824385, 0.053220511052757505, 0.05018668723513838, 0.05200122363073751, 0.04618567033419386, 0.05539552627578378, 0.04007784533940721, 0.04334163922987645], "loss": [0.4112387162232399, 0.10244260103821755, 0.07102997887730599, 0.05551057815432549, 0.04605910001635551, 0.03886963670611381, 0.033581941928416494, 0.028945327994525434, 0.025048352068066597, 0.022609504147469997, 0.01947341895841062, 0.017014910615161062], "val_acc": [0.9592, 0.9779, 0.9779, 0.9829, 0.9823, 0.9836, 0.9858, 0.9845, 0.9861, 0.9835, 0.9886, 0.9875], "acc": [0.871979999961853, 0.96864, 0.9781200000190735, 0.9823000000190735, 0.9861200000190735, 0.988100000038147, 0.98956, 0.9908000000190735, 0.992260000038147, 0.9924200000190735, 0.99402, 0.9948600000190735]}, "test_error": 0.0121, "lr": 0.1, "num_filters": 32, "batch_size": 128}