{"test_error": 0.09899999999999998, "batch_size": 128, "learning_curve": {"val_acc": [0.1889, 0.3267, 0.5158, 0.66, 0.7637, 0.8151, 0.8507, 0.8748, 0.8873, 0.8962, 0.9023, 0.9062], "loss": [2.280863692779541, 2.224532359085083, 2.126610047073364, 1.9105349478530884, 1.472938620262146, 0.9817266495132446, 0.7079906443405152, 0.5698671236801147, 0.49053410858154295, 0.4402300838947296, 0.40593726925849916, 0.38046197969436646], "acc": [0.15101999999046326, 0.2395600000190735, 0.41351999998092653, 0.572459999961853, 0.690800000038147, 0.7669800000190735, 0.8126199999618531, 0.8458199999809265, 0.8649999999618531, 0.8770800000190735, 0.8855000000190735, 0.8911399999809265], "val_loss": [2.2540253913879393, 2.182903086090088, 2.0388512130737304, 1.7130617832183839, 1.1624564365386962, 0.7627431461334229, 0.5739002618789673, 0.47412966303825377, 0.4164340385913849, 0.37677869668006897, 0.3498945217847824, 0.3318199177265167]}, "filter_size": 3, "num_filters": 32, "lr": 0.001}